chapter,section,current_words,priority_category,supports_original_throughline,must_retain_in_main_text,compressible_pct,target_words,needs_fulltext_verification,si_destination,notes
FRONT_MATTER,Title and status note,317,Internal audit material,no,no,70,95,no,not applicable (deleted/replaced by a short submission-standard evidence statement),"Project-management status note; a submission manuscript needs a one-paragraph evidence-transparency statement, not this document's full internal audit trail."
1. Introduction,(chapter preamble),1106,Core theoretical contribution,yes,yes,15,940,no,none,States the inverse-problem framing and the three organizing arguments; this is the paper's thesis statement and must survive compression almost intact.
2. Review Methodology and Evidence Synthesis,(chapter preamble),6,Internal audit material,no,no,100,0,no,Supplementary Methods,Empty preamble (0 body words); heading only.
2. Review Methodology and Evidence Synthesis,2.1 Review type and scope,114,Internal audit material,no,yes,50,57,no,Supplementary Methods (full search-limitation account),A 1-2 sentence honest-limitations statement is needed in the submission main text; the full narrative-vs-systematic distinction belongs in SI.
2. Review Methodology and Evidence Synthesis,2.2 Search process used for this draft,245,Internal audit material,no,no,70,74,no,Supplementary Methods / full search strategy document,"Search-process narrative; a submission methods section needs a compressed 2-3 sentence version, full detail belongs in SI alongside the search-strategy file."
2. Review Methodology and Evidence Synthesis,2.3 Source verification procedure and its limitations — read before citing any number in this draft,327,Internal audit material,no,yes,60,131,no,Supplementary Methods,The 0/N full-text-verification disclosure itself must stay in the main text in some compressed form (a journal reviewer needs it); the internal Miura/Kitajima inconsistency anecdote is SI-level detail.
2. Review Methodology and Evidence Synthesis,2.4 Terminology and developmental background (compressed),366,General background,partial,yes,60,146,no,Supplementary Table (developmental phases),"Table 1's 5-phase history is background scene-setting, not part of the four original contributions; compress to 2-3 sentences in main text, full phase table to SI."
2. Review Methodology and Evidence Synthesis,"2.5 Application taxonomy, organized by inference goal",139,General background,partial,yes,50,70,no,Supplementary Table (application taxonomy),Table 2 is useful orientation but not load-bearing for the four contributions; shorten substantially.
2. Review Methodology and Evidence Synthesis,2.6 Scope boundaries,64,General background,no,yes,40,38,no,none,"Short scoping statement; keep briefly, low word count already (64 words)."
3. WBE as an Inverse Problem: Source-to-Sample Signal Formation,(chapter preamble),9,Core theoretical contribution,yes,yes,0,9,no,none,Heading-only preamble; no content to compress.
3. WBE as an Inverse Problem: Source-to-Sample Signal Formation,3.0 Formal problem statement,571,Core theoretical contribution,yes,yes,10,514,no,none,"Defines X(tau), Y(t), A(t), K(t,tau), and the amplitude/temporal/spatial taxonomy — this is contribution #2 (the distortion framework) in its entirety. Must be preserved almost verbatim."
3. WBE as an Inverse Problem: Source-to-Sample Signal Formation,3.1 Source-End Biological and Behavioral Variation,479,Necessary methodological support,yes,yes,35,311,no,Supplementary Table (biomarker/source-variability evidence),"Illustrates the framework with real evidence (shedding heterogeneity, PK correction-factor uncertainty); needed as the framework's first worked application but individual study details can compress."
3. WBE as an Inverse Problem: Source-to-Sample Signal Formation,3.2 Building and Local Drainage Processes,221,Detailed example,partial,yes,50,110,no,Supplementary Table,Building-scale distortion catalog; useful but lower-priority than source-end and transport chapters — compress to the amplitude/spatial mapping sentence plus one example.
4. Signal Distortion in Sewer Transport: From Transformation to Identifiability,(chapter preamble),107,Core theoretical contribution,yes,yes,30,75,no,none,Short chapter-framing paragraph.
4. Signal Distortion in Sewer Transport: From Transformation to Identifiability,"4.1 Physical, Chemical, and Biological Transformation in Transit — Amplitude and Temporal Effects",402,Essential evidence,yes,yes,30,281,no,Supplementary Table (decay/transformation evidence),"Direct empirical support for the distortion framework (biofilm decay rate-constant studies); Jung et al./Zhang et al. findings are load-bearing evidence, keep the core finding, compress the mechanistic enumeration."
4. Signal Distortion in Sewer Transport: From Transformation to Identifiability,4.2 Rainfall- and Warm-Season-Induced Distortion — A Compound Perturbation,456,Essential evidence,yes,yes,25,342,no,Supplementary Table,"The Janssens et al. rainfall-correction finding is this review's clearest single piece of evidence that distortion is a correctable, structured bias — central to contribution #3 (normalization as mechanism-specific causal correction). Keep prominently."
4. Signal Distortion in Sewer Transport: From Transformation to Identifiability,4.3 Identifiability and the Case for Process-Informed Correction,449,Core theoretical contribution,yes,yes,10,404,no,none,States the identifiability argument and process-informed-correction thesis directly — contribution #2/#3's connective tissue. Must be preserved.
"5. Sampling, Analytical Methods, and Quality Assurance: A Second Round of Distortion",(chapter preamble),12,Necessary methodological support,partial,no,100,0,no,none,"Empty preamble, heading only."
"5. Sampling, Analytical Methods, and Quality Assurance: A Second Round of Distortion","5.0 Bridge from Chapters 1–4, Notation, and Two Observation Models",758,Necessary methodological support,yes,yes,20,606,no,none,"Defines the two observation models (molecular-target, chemical-biomarker) — necessary scaffolding for everything downstream in Ch5-8. Keep, but the 'conceptual scaffold not validated model' disclaimer can be centralized per the Overlap Audit."
"5. Sampling, Analytical Methods, and Quality Assurance: A Second Round of Distortion",5.1 Sampling Location — A Further Spatial-Distortion and Identifiability Choice,382,Necessary methodological support,yes,yes,40,229,no,Supplementary Table (sampling design evidence),"Real methodological content but largely standard sampling-design material; compress substantially, keep the spatial-distortion/identifiability link."
"5. Sampling, Analytical Methods, and Quality Assurance: A Second Round of Distortion",5.2 Sampling Mode — Amplitude and Temporal Distortion at the Point of Collection,504,Necessary methodological support,yes,yes,40,302,no,Supplementary Table,"Grab-vs-composite distinction; standard content, compress."
"5. Sampling, Analytical Methods, and Quality Assurance: A Second Round of Distortion","5.3 Sample Matrix — Liquid, Particulate, Settled Solids, and Sludge",287,General background,partial,yes,55,129,no,Supplementary Table,"Matrix-selection background; keep the matrix-partitioning point that feeds §6.5/§6.6, compress the rest."
"5. Sampling, Analytical Methods, and Quality Assurance: A Second Round of Distortion","5.4 Preservation, Pre-Treatment, Concentration, and Extraction",289,General background,no,yes,55,130,no,Supplementary Methods,"Standard lab-methods background, not specific to this review's original contributions; compress heavily."
"5. Sampling, Analytical Methods, and Quality Assurance: A Second Round of Distortion","5.5 Six Concepts That Should Not Be Collapsed Into One ""Uncertainty""",956,Core theoretical contribution,yes,yes,20,765,no,Supplementary Table (interlaboratory evidence detail),"The six-concept disambiguation (representativeness/recovery/precision/sensitivity/censoring/replicates) is genuinely original organizing work this review relies on repeatedly (Ch6, Ch8); keep the taxonomy in full, move the Pecson/Ahmed et al. evidence detail to SI."
"5. Sampling, Analytical Methods, and Quality Assurance: A Second Round of Distortion",5.6 Differential Behavior Across Target Classes: Applying the Two Observation Models,432,Necessary methodological support,yes,yes,35,281,no,Supplementary Table,Applies the two observation models across target classes; needed but compressible to the core distinction plus one example (Elbait et al. qPCR-vs-metagenomics).
"5. Sampling, Analytical Methods, and Quality Assurance: A Second Round of Distortion","5.7 Carrying Sampling and Analytical Uncertainty Forward: Bias, Random Error, and Information Loss",731,Core theoretical contribution,yes,yes,15,621,no,none,"The systematic-bias/random-error/information-loss three-way split is used throughout Ch6-8; core organizing contribution, keep in full."
6. Normalization in Wastewater-Based Epidemiology: Causal Correction or Additional Uncertainty?,(chapter preamble),10,Necessary methodological support,yes,no,100,0,no,none,"Empty preamble, heading only."
6. Normalization in Wastewater-Based Epidemiology: Causal Correction or Additional Uncertainty?,6.0 Normalization Within the Inverse-Problem Framework,544,Core theoretical contribution,yes,yes,15,462,no,none,"States contribution #3 directly (normalization as conditional statistical adjustment, not source-state reconstruction) with the 'Normalization ≠ reconstruction' proposition. Must be preserved near-verbatim."
6. Normalization in Wastewater-Based Epidemiology: Causal Correction or Additional Uncertainty?,6.1 What Is Normalization Intended to Correct?,526,Core theoretical contribution,yes,yes,20,421,no,none,"The five-goal taxonomy is original, load-bearing organizing work referenced throughout the rest of the chapter; keep."
6. Normalization in Wastewater-Based Epidemiology: Causal Correction or Additional Uncertainty?,6.2 Flow-Based Normalization,671,Essential evidence,yes,yes,40,403,no,Supplementary Table (normalization method evidence),"Real comparative evidence (Langeveld, Rainey, Darling) grounding the normalization-is-conditional thesis; keep the applicability-condition finding, move individual-study detail to SI/Table."
6. Normalization in Wastewater-Based Epidemiology: Causal Correction or Additional Uncertainty?,6.3 Census Population and Dynamic Population Estimates,628,Essential evidence,yes,yes,45,345,no,Supplementary Table,Supports the five-goal taxonomy's population-correction goal; compress the Baz-Lomba/Thomas et al. narrative to the core finding.
6. Normalization in Wastewater-Based Epidemiology: Causal Correction or Additional Uncertainty?,6.4 Chemical Population Biomarkers,747,Essential evidence,partial,yes,55,336,no,Supplementary Table (biomarker validation matrix),"Detailed per-biomarker narrative (creatinine, cotinine, caffeine, ammonium); the *pattern* (proposed-then-mixed-evidence) is load-bearing, individual biomarker paragraphs are compressible into Table 3, which already exists to hold this detail."
6. Normalization in Wastewater-Based Epidemiology: Causal Correction or Additional Uncertainty?,6.5 Microbial and Molecular Population Biomarkers,879,Essential evidence,partial,yes,55,396,no,Supplementary Table (biomarker validation matrix),"Same pattern as §6.4 for PMMoV/crAssphage/HF183; compress narrative into Table 3, which already exists."
6. Normalization in Wastewater-Based Epidemiology: Causal Correction or Additional Uncertainty?,6.6 Ratio Normalization and Error Propagation,1685,Core theoretical contribution,yes,yes,10,1516,no,none,This chapter's stated 'principal original contribution' (the joint-condition proposition for when ratio normalization helps vs. hurts) — the paper's clearest original methodological claim in Chapter 6. Must be preserved in full.
6. Normalization in Wastewater-Based Epidemiology: Causal Correction or Additional Uncertainty?,6.7 Target- and Purpose-Specific Normalization,427,Core theoretical contribution,yes,yes,25,320,no,none,"The two-dimensional (target-type x purpose) framework is original synthesis; compress the enumeration, keep the framework."
6. Normalization in Wastewater-Based Epidemiology: Causal Correction or Additional Uncertainty?,6.8 When Normalization Fails,650,Core theoretical contribution,yes,yes,20,520,no,Supplementary Table,"The failure-mode catalog is original and directly supports contribution #3's boundary conditions; keep the taxonomy, the eight bullet items can compress into a table."
6. Normalization in Wastewater-Based Epidemiology: Causal Correction or Additional Uncertainty?,6.9 Decision Framework for Selecting Normalization Strategies,451,Core theoretical contribution,yes,yes,15,383,no,none,"The eight-question decision tree (Figure 1) is an original deliverable explicitly named as a required retained figure; keep the framework, the figure carries most of the content."
6. Normalization in Wastewater-Based Epidemiology: Causal Correction or Additional Uncertainty?,6.10 Link to Chapters 7 and 8,243,Necessary methodological support,yes,no,60,97,no,none,"Chapter-transition prose; per the Overlap Audit, largely restated by the end-matter Structural Bridge sections. Compress to 2-3 sentences."
"7. From Normalized Wastewater Signals to Population-Level Reconstruction: Back-Calculation, Identifiability, and Validation",(chapter preamble),12,Necessary methodological support,yes,no,100,0,no,none,"Empty preamble, heading only."
"7. From Normalized Wastewater Signals to Population-Level Reconstruction: Back-Calculation, Identifiability, and Validation","7.0 Bridge from Chapter 6, and Five Distinctions This Chapter Insists On",924,Core theoretical contribution,yes,yes,10,832,no,none,"States the five-way evidentiary distinction (association/predictive performance/parameter identifiability/state observability/structural adequacy) — this chapter's, and one of the review's, central original contributions. Must be preserved in full."
"7. From Normalized Wastewater Signals to Population-Level Reconstruction: Back-Calculation, Identifiability, and Validation",7.1 Two Reconstruction Goals: Consumption/Exposure and Infection-Level,1964,Essential evidence,yes,yes,45,1080,no,"Supplementary Table (method-family evidence, extends Table 4/5)","Surveys 9 method families against the five-way framework with real citations; the *application* of the framework to each family is essential, the narrative detail per family (Zuccato, Ramin, Huisman, Dai, McMahan, Ai, Alhassan) is largely already captured in Tables 4-5 and can compress substantially in prose."
"7. From Normalized Wastewater Signals to Population-Level Reconstruction: Back-Calculation, Identifiability, and Validation",7.2 A Worked Illustration of Why the Five Distinctions Come Apart,690,Core theoretical contribution,yes,yes,20,552,no,none,"Explicitly conceptual (not citing a specific study), demonstrates why the five distinctions come apart; keep as the framework's clarifying example, compress the two-failure-mode walkthrough."
"7. From Normalized Wastewater Signals to Population-Level Reconstruction: Back-Calculation, Identifiability, and Validation","7.3 The Five Distinctions, Developed Formally",987,Core theoretical contribution,yes,yes,15,839,no,none,Full formal development of contribution #4 (identifiability/observability-aware reconstruction); must largely survive compression.
"7. From Normalized Wastewater Signals to Population-Level Reconstruction: Back-Calculation, Identifiability, and Validation",7.4 Evaluating Back-Calculation Method Families Against the Five-Way Framework,1435,Essential evidence,yes,yes,25,1076,no,Supplementary Table (expanded Table 5 detail),"Table 4 and Table 5 are named required-retained tables (Model-identifiability-validation matrix); keep both tables, compress the surrounding prose synthesis paragraph."
"7. From Normalized Wastewater Signals to Population-Level Reconstruction: Back-Calculation, Identifiability, and Validation","7.5 Validation: What ""Validating"" a Back-Calculation Model Actually Requires",366,Core theoretical contribution,yes,yes,20,293,no,none,"The internal/external/mechanistic validation three-way split is original and reused via cross-reference in Ch8/Ch9/Ch10; keep, candidate to MERGE with §8.16 per the Overlap Audit rather than compress independently."
"7. From Normalized Wastewater Signals to Population-Level Reconstruction: Back-Calculation, Identifiability, and Validation",7.6 When State Observability Fails Regardless of Method,389,Core theoretical contribution,yes,yes,25,292,no,Supplementary Table,"Extends §5.7/§6.8's failure-taxonomy pattern to reconstruction; keep the taxonomy, compress the five bullet explanations."
"7. From Normalized Wastewater Signals to Population-Level Reconstruction: Back-Calculation, Identifiability, and Validation",7.7 Reporting Framework for Back-Calculated Estimates,280,Necessary methodological support,yes,yes,30,196,no,Supplementary checklist (expanded reporting checklist),"One of five chapter-closing reporting-standard devices (§5.7,§6.9,§7.7,§8.15,§9.8); keep a compressed version in main text, full checklist to SI's expanded reporting checklist."
"7. From Normalized Wastewater Signals to Population-Level Reconstruction: Back-Calculation, Identifiability, and Validation",7.8 Link to Chapter 8,194,Necessary methodological support,yes,no,60,78,no,none,"Chapter-transition prose, largely restated in end-matter Structural Bridge section; compress."
8. Uncertainty Propagation in Wastewater-Based Epidemiology: From Source Variability to Decision Uncertainty,(chapter preamble),83,Core theoretical contribution,yes,yes,20,66,no,none,"States the chapter's framing (uncertainty entering/interacting/propagating, not a catalog)."
8. Uncertainty Propagation in Wastewater-Based Epidemiology: From Source Variability to Decision Uncertainty,8.0 Uncertainty Within the Complete Inverse Pipeline,320,Core theoretical contribution,yes,yes,15,272,no,none,The marginalization integral and 'propagation ≠ bias correction ≠ identifiability restoration' distinction is contribution #4's formal core; must be preserved.
8. Uncertainty Propagation in Wastewater-Based Epidemiology: From Source Variability to Decision Uncertainty,"8.1 Variability, Uncertainty, Bias, and Information Loss — Kept Distinct",297,Core theoretical contribution,yes,yes,20,238,no,none,Eight-way uncertainty-type taxonomy used throughout the rest of the chapter; keep.
8. Uncertainty Propagation in Wastewater-Based Epidemiology: From Source Variability to Decision Uncertainty,8.2 Source-End Uncertainty,491,Essential evidence,yes,yes,40,295,no,Supplementary Table (Table 6 already holds most of this),"Distributional treatment of §3.1's qualitative claims; Table 6 already consolidates this, so prose can compress substantially without losing content."
8. Uncertainty Propagation in Wastewater-Based Epidemiology: From Source Variability to Decision Uncertainty,8.3 Sewer-Process Uncertainty,428,Essential evidence,yes,yes,40,257,no,Supplementary Table (Table 6),Same pattern as §8.2 — Table 6 already holds the consolidated version; compress prose.
8. Uncertainty Propagation in Wastewater-Based Epidemiology: From Source Variability to Decision Uncertainty,8.4 Sampling and Analytical Uncertainty,428,Necessary methodological support,yes,yes,50,214,no,Supplementary Table (Table 6),"Per the Overlap Audit, this section re-lists §5.5's six concepts rather than only referencing them; largest single compression opportunity in Chapter 8 alongside Table 6 redundancy."
8. Uncertainty Propagation in Wastewater-Based Epidemiology: From Source Variability to Decision Uncertainty,8.5 Normalization Uncertainty,173,Core theoretical contribution,yes,yes,25,130,no,none,"The target/normalizer non-independence point is a genuinely new addition beyond §6.6 (not just a restatement); keep, moderate compression only."
8. Uncertainty Propagation in Wastewater-Based Epidemiology: From Source Variability to Decision Uncertainty,8.6 Analytical Error Propagation and the Delta Method,202,Necessary methodological support,yes,yes,30,141,no,Supplementary Methods (formal propagation methods),"Standard method exposition; keep the applicability-conditions point (original framing), compress the general delta-method explanation which is textbook material."
8. Uncertainty Propagation in Wastewater-Based Epidemiology: From Source Variability to Decision Uncertainty,8.7 Monte Carlo Propagation,465,Essential evidence,yes,yes,30,326,no,Supplementary Methods,"Real WBE-specific MC studies (Jones, Pei, Croft) plus original critique of common misuse; keep the critique, compress the method description and study narrative."
8. Uncertainty Propagation in Wastewater-Based Epidemiology: From Source Variability to Decision Uncertainty,8.8 Global Sensitivity Analysis,269,Necessary methodological support,no,yes,50,134,no,Supplementary Methods,Largely standard sensitivity-analysis-methods taxonomy (OAT/Morris/Sobol/PRCC/VoI); compress to the one original point (sensitivity ≠ uncertainty contribution).
8. Uncertainty Propagation in Wastewater-Based Epidemiology: From Source Variability to Decision Uncertainty,8.9 Bayesian Hierarchical Uncertainty Propagation,348,Core theoretical contribution,yes,yes,25,261,no,none,"The narrow-posterior-≠-certainty critique is central and reused via cross-reference in Ch7 Table 5 and Ch9; keep, but per the Overlap Audit this is the canonical location — the Table 5 cell should shorten instead."
8. Uncertainty Propagation in Wastewater-Based Epidemiology: From Source Variability to Decision Uncertainty,8.10 Correlated and Dependent Uncertainties,380,Core theoretical contribution,yes,yes,15,323,no,none,"Explicitly named as 'this chapter's most consequential subsection'; the 7 named dependencies are original synthesis. Keep in full, compress only the per-dependency one-line explanations."
8. Uncertainty Propagation in Wastewater-Based Epidemiology: From Source Variability to Decision Uncertainty,"8.11 Censoring, Nondetects, and Missingness",469,Essential evidence,yes,yes,35,305,no,Supplementary Methods (censoring-methods box already exists),"Safford et al. head-to-head comparison is genuine WBE-specific comparative evidence; keep the finding, the box already summarizes the practical guidance so prose can compress."
8. Uncertainty Propagation in Wastewater-Based Epidemiology: From Source Variability to Decision Uncertainty,8.12 Structural Uncertainty and Model Ensembles,335,Core theoretical contribution,yes,yes,20,268,no,none,"Explains why Monte Carlo alone cannot address structural uncertainty — central to contribution #4; keep, moderate compression."
8. Uncertainty Propagation in Wastewater-Based Epidemiology: From Source Variability to Decision Uncertainty,8.13 Uncertainty Decomposition Across the WBE Chain,263,Core theoretical contribution,yes,yes,15,224,no,none,The law-of-total-variance decomposition and the 'uncertainty budget' (Figure 3) is a named original deliverable; keep in full.
8. Uncertainty Propagation in Wastewater-Based Epidemiology: From Source Variability to Decision Uncertainty,8.14 From Scientific Uncertainty to Decision Uncertainty,370,Core theoretical contribution,yes,yes,15,314,no,none,Introduces the decision-theoretic vocabulary reused in Ch9; canonical location per the Overlap Audit (§9.2 should shorten instead). Keep in full.
8. Uncertainty Propagation in Wastewater-Based Epidemiology: From Source Variability to Decision Uncertainty,8.15 Minimum Reporting Requirements,219,Necessary methodological support,yes,yes,30,153,no,Supplementary checklist,"One of five chapter-closing reporting-standard devices; compress to main text summary, full list to SI's expanded reporting checklist."
8. Uncertainty Propagation in Wastewater-Based Epidemiology: From Source Variability to Decision Uncertainty,8.16 Link to Validation and Public-Health Interpretation,292,Core theoretical contribution,yes,yes,25,219,no,none,Candidate to MERGE with §7.5 per the Overlap Audit (both address validation) rather than compress independently; conceptually necessary either way.
8. Uncertainty Propagation in Wastewater-Based Epidemiology: From Source Variability to Decision Uncertainty,Table 6. Uncertainty Source × Type × Distribution × Propagation Method × Mitigation × Residual Effect,574,Essential evidence,yes,yes,5,545,no,none,"Named required-retained table (Model-identifiability-validation-adjacent; maps to target Table 3, 'Normalization-assumption-residual-uncertainty' family). Keep intact — this is where §8.2-8.4's prose detail should live instead of being duplicated in both places."
8. Uncertainty Propagation in Wastewater-Based Epidemiology: From Source Variability to Decision Uncertainty,Box — Why Monte Carlo Simulation Does Not Solve Model Misspecification,214,Core theoretical contribution,yes,yes,10,193,no,none,"Sharp, quotable statement of a core original point; boxes are cheap in word count relative to their clarity value, keep."
8. Uncertainty Propagation in Wastewater-Based Epidemiology: From Source Variability to Decision Uncertainty,Box — How to Report Nondetects and Censored Wastewater Data,222,Necessary methodological support,yes,yes,15,189,no,Supplementary checklist,"Practical checklist; keep condensed in main text, full version to SI reporting checklist."
8. Uncertainty Propagation in Wastewater-Based Epidemiology: From Source Variability to Decision Uncertainty,Figure 2 and Figure 3 (delivered as separate image files alongside this document),49,Core theoretical contribution,yes,yes,10,44,no,none,Both figures are named required-retained deliverables (target Figure 3: process-informed reconstruction/uncertainty framework); keep the reference text minimal.
9. Integration with Public-Health Surveillance and Decision-Making,(chapter preamble),325,Internal audit material,no,no,75,81,no,not applicable,"Chapter-specific evidentiary status note; a submission version needs one sentence, not this full four-tier redefinition (already flagged as partially redundant with front matter in the Overlap Audit)."
9. Integration with Public-Health Surveillance and Decision-Making,"9.0 What Chapter 8 Hands to Chapter 9, and What Chapter 9 Does With It",250,Core theoretical contribution,yes,yes,30,175,no,none,"States the translation-layer framing (epistemic object -> institutional object); compress, largely restated in end-matter bridge section."
9. Integration with Public-Health Surveillance and Decision-Making,"9.1 Three Surveillance Objectives, One Signal",601,Core theoretical contribution,yes,yes,20,481,no,none,Trend/anomaly/absolute-magnitude as three institutional design problems is original and load-bearing for the rest of Ch9; keep.
9. Integration with Public-Health Surveillance and Decision-Making,9.2 Alert-Threshold Design and the Asymmetric Cost of Being Wrong,693,Essential evidence,yes,yes,35,450,no,Supplementary Table,"The Link/Garrido detection-performance example and the transfer-validation caution are essential; per the Overlap Audit this is the canonical transfer-validation statement (§10.5/§10.9 should shorten instead). Compress the case-study narrative, keep the general point."
9. Integration with Public-Health Surveillance and Decision-Making,"9.3 Multi-Source Data Fusion: Clinical, Mobility, Weather, Pharmacy, and Hospital Data",533,Essential evidence,yes,yes,35,346,no,Supplementary Table,"The weather-double-role point (confounder AND corroborating stream) is original and important; keep, compress the general fusion-rationale narrative."
9. Integration with Public-Health Surveillance and Decision-Making,9.4 Why Fusion Is Not Free: Correlated Uncertainty Across Data Streams,445,Core theoretical contribution,yes,yes,20,356,no,none,"Extends §8.10's correlated-uncertainty argument to cross-stream fusion; original and needed, keep with light compression."
9. Integration with Public-Health Surveillance and Decision-Making,9.5 The Boundary: What Wastewater-Based Surveillance Cannot Replace,646,Core theoretical contribution,yes,yes,25,484,no,Supplementary Table (non-sewered-population evidence),"States WBE's structural exclusion of non-sewered populations, a required focus area per the compression brief's original Ch9 audit; keep the boundary statement, compress the Yu et al. demographic detail to SI."
9. Integration with Public-Health Surveillance and Decision-Making,"9.6 Small-Catchment and Building-Scale Monitoring: Privacy, Stigma, and Equity",632,Core theoretical contribution,yes,yes,25,474,no,Supplementary Table (equity-framework evidence),"Privacy/re-identification/stigma/equity — required focus areas; keep the three-part distinction, compress individual-source detail (Moallef, Kwiatkowska, Thompson) to SI."
9. Integration with Public-Health Surveillance and Decision-Making,9.7 From Detectable Signal to Actionable Information,574,Core theoretical contribution,yes,yes,15,488,no,none,"The four detectable-to-actionable conditions are a named, explicitly-protected original framework; must be preserved in full."
9. Integration with Public-Health Surveillance and Decision-Making,9.8 Minimum Reporting Requirements for a Decision-Ready Wastewater Signal,363,Necessary methodological support,yes,yes,30,254,no,Supplementary checklist,"Fifth of the chapter-closing reporting-standard devices; compress to main text summary, full checklist to SI."
9. Integration with Public-Health Surveillance and Decision-Making,Table 7. Surveillance Objective × Decision Requirement × Primary Uncertainty Sensitivity × Representative Citation,310,Core theoretical contribution,yes,yes,10,279,no,none,"Named required-retained table; keep intact, it is this chapter's principal organizing deliverable."
9. Integration with Public-Health Surveillance and Decision-Making,"Box — ""Detectable"" Is Not ""Actionable"": Why the Same Signal Can Be Both Real and Not Yet Decision-Ready",269,Core theoretical contribution,yes,yes,15,229,no,none,"Sharp restatement of the four-condition framework; keep, cheap in word count relative to clarity value."
9. Integration with Public-Health Surveillance and Decision-Making,9.9 Evidentiary Note: One Source Withdrawn From Citation This Round,218,Internal audit material,no,no,90,22,no,not applicable,"Citation-withdrawal documentation; internal evidentiary bookkeeping, not review content. Cut from submission draft entirely, retained only in the project's internal audit files."
10. Enabling Technologies and Research Infrastructures for Process-Informed Wastewater-Based Epidemiology,(chapter preamble),258,Internal audit material,no,no,70,77,no,not applicable,"Chapter-specific evidence-discipline status note plus the Schang/Moore citogenesis note; the citogenesis catch is a nice methods-transparency anecdote but is SI/cover-letter material, not main-text review content."
10. Enabling Technologies and Research Infrastructures for Process-Informed Wastewater-Based Epidemiology,"10.0 What Chapter 9 Hands to Chapter 10, and the Boundary Between Them",162,Core theoretical contribution,yes,yes,30,113,no,none,"States the upstream-vs-downstream boundary between Ch9 and Ch10; compress, largely restated in end-matter bridge section."
10. Enabling Technologies and Research Infrastructures for Process-Informed Wastewater-Based Epidemiology,10.1 Distributed Sewer-Network Sensing,307,Essential evidence,yes,yes,35,200,no,Supplementary Table (Table 8 already holds a version of this),"Schang et al. passive-sampling evidence plus the spatial-resolution/signal-stability trade-off (original framing); keep the trade-off statement, compress narrative, Table 8 already consolidates."
10. Enabling Technologies and Research Infrastructures for Process-Informed Wastewater-Based Epidemiology,10.2 Near-Real-Time and Online Measurements,283,Essential evidence,partial,yes,45,156,no,Supplementary Table,"Sharma et al. biosensor result with an explicit low-TRL classification; keep the TRL classification (supports contribution re: technology-readiness discipline), compress the study narrative."
10. Enabling Technologies and Research Infrastructures for Process-Informed Wastewater-Based Epidemiology,10.3 Sewer Digital Twins,338,Essential evidence,partial,yes,45,186,no,Supplementary Table,"Bam et al. digital-twin synthesis; keep the 'process-constraint-generating tool, not a validated source signal' distinction (original), compress narrative."
10. Enabling Technologies and Research Infrastructures for Process-Informed Wastewater-Based Epidemiology,10.4 Multi-Omics and Expanded Biomarker Panels,410,Essential evidence,partial,yes,45,226,no,Supplementary Table,"Malcom & Bowes AMR review; keep the interpretability/reference-database/batch-effect three-challenge framing, compress narrative."
10. Enabling Technologies and Research Infrastructures for Process-Informed Wastewater-Based Epidemiology,10.5 Process-Informed Artificial Intelligence,413,Core theoretical contribution,yes,yes,30,289,no,Supplementary Table,"Temporal-leakage/cross-population-failure cautions extend the transfer-validation principle; per the Overlap Audit, shorten in favor of §9.2's canonical statement, keep the two named failure modes."
10. Enabling Technologies and Research Infrastructures for Process-Informed Wastewater-Based Epidemiology,10.6 Standard Reference Materials and Interlaboratory Comparability,416,Essential evidence,partial,yes,45,229,no,Supplementary Table,"Keenum et al. position-paper synthesis, including the flagged author-list inconsistency; keep the standardization-as-precondition argument, compress narrative, keep the flag as a citation-hygiene note in SI not main text."
10. Enabling Technologies and Research Infrastructures for Process-Informed Wastewater-Based Epidemiology,10.7 Interoperable Data Infrastructure,373,Detailed example,partial,yes,50,186,no,Supplementary Table,"Therrien et al. data-model synthesis plus this review's own reference-management anecdotes (Hsu et al. ambiguity); the self-referential framing is a nice rhetorical device but is compressible — keep the four interoperability requirements, compress the narrative justification."
10. Enabling Technologies and Research Infrastructures for Process-Informed Wastewater-Based Epidemiology,10.8 Privacy-Preserving and Equitable Analytics,373,Essential evidence,partial,yes,45,205,no,Supplementary Table,"Wang et al. federated-learning example, explicitly non-WBE-scoped; keep the federated-vs-differential-privacy distinction and the 'technical privacy ≠ governance/equity' point, compress narrative."
10. Enabling Technologies and Research Infrastructures for Process-Informed Wastewater-Based Epidemiology,10.9 Climate-Resilient WBE Infrastructure,316,Core theoretical contribution,yes,yes,25,237,no,none,"Deliberately citation-light, connects Ch4/Ch8 forward; keep as the third transfer-validation instance, shorten per the Overlap Audit."
10. Enabling Technologies and Research Infrastructures for Process-Informed Wastewater-Based Epidemiology,10.10 A Technology-Readiness Framework for Process-Informed WBE,443,Core theoretical contribution,yes,yes,15,377,no,none,The six-level TRL framework and the analytical-novelty/field-demonstration/operational-readiness distinction is this chapter's principal original deliverable; keep in full.
10. Enabling Technologies and Research Infrastructures for Process-Informed Wastewater-Based Epidemiology,Table 8. Technology × Required Evidence × Failure Mode × Readiness Level (§10.10),470,Core theoretical contribution,yes,yes,10,423,no,none,Named required-retained table; keep intact.
10. Enabling Technologies and Research Infrastructures for Process-Informed Wastewater-Based Epidemiology,Box — Why Analytical Innovation Does Not Guarantee Epidemiological Value,231,Core theoretical contribution,yes,yes,15,196,no,none,Sharp restatement of the TRL framework's central caution; keep.
Note on companion files,(chapter preamble),600,Internal audit material,no,no,100,0,no,not applicable,Pure project-file-management content; not review text at all. Remove entirely from submission draft (replaced by a short data/code-availability statement).
Editorial self-check (author-requested audit),(chapter preamble),682,Internal audit material,no,no,100,0,no,not applicable,"Author-requested internal audit device (concept-threading table); valuable for this project's own QA, not submission content. Remove entirely."
Structural bridge from Chapters 1–4 to Chapter 5 (retained from previous delivery),(chapter preamble),186,Internal audit material,no,no,100,0,no,not applicable,"Redundant with inline §5.0 bridge per the Overlap Audit; remove entirely, not merely compress."
Structural bridge from Chapter 5 to Chapter 6 (new this round),(chapter preamble),174,Internal audit material,no,no,100,0,no,not applicable,Redundant with inline §6.0 bridge per the Overlap Audit; remove entirely.
Structural bridge from Chapter 6 to Chapter 7 (new this round),(chapter preamble),130,Internal audit material,no,no,100,0,no,not applicable,Redundant with inline §7.0 bridge per the Overlap Audit; remove entirely.
Structural bridge from Chapter 7 to Chapter 8 (new this round),(chapter preamble),381,Internal audit material,no,no,100,0,no,not applicable,Redundant with inline §8.0 bridge per the Overlap Audit; remove entirely.
Structural bridge from Chapter 8 to Chapter 9 (new this round),(chapter preamble),312,Internal audit material,no,no,100,0,no,not applicable,Redundant with inline §9.0 bridge per the Overlap Audit; remove entirely.
Structural bridge from Chapter 9 to Chapter 10 (new this round),(chapter preamble),278,Internal audit material,no,no,100,0,no,not applicable,Redundant with inline §10.0 bridge per the Overlap Audit; remove entirely.
